{
  "final_normalized_cv": 0.2513229280795591,
  "uncertainty_trend": -0.0020258694010081573,
  "selection_diversity": 0.7818181818181819
}